Date,Name,Year,Letterboxd URI
2022-02-08,Inglourious Basterds,2009,https://boxd.it/1JzG
2022-02-08,Pulp Fiction,1994,https://boxd.it/29Pq
2022-02-08,The Shining,1980,https://boxd.it/29Nu
2022-02-08,Gone Girl,2014,https://boxd.it/6hQu
2022-02-08,Django Unchained,2012,https://boxd.it/2cCk
2022-02-08,Whiplash,2014,https://boxd.it/7bQA
2022-02-08,The Truman Show,1998,https://boxd.it/18U8
2022-02-08,Kill Bill: Vol. 1,2003,https://boxd.it/70w
2022-02-08,Reservoir Dogs,1992,https://boxd.it/2agc
2022-02-08,Donnie Darko,2001,https://boxd.it/2b2A
2022-02-08,A Clockwork Orange,1971,https://boxd.it/2aVE
2022-02-08,The Prestige,2006,https://boxd.it/293w
2022-02-08,Catch Me If You Can,2002,https://boxd.it/29VS
2022-02-08,Split,2016,https://boxd.it/dgSy
2022-02-08,Kill Bill: Vol. 2,2004,https://boxd.it/2au4
2022-02-08,Howl's Moving Castle,2004,https://boxd.it/23De
2022-02-08,Superbad,2007,https://boxd.it/20hO
2022-02-08,Prisoners,2013,https://boxd.it/4E5i
2022-02-08,Juno,2007,https://boxd.it/210a
2022-02-08,Your Name.,2016,https://boxd.it/cUqs
2022-02-08,The Hunger Games: Catching Fire,2013,https://boxd.it/3sAw
2022-02-08,Nocturnal Animals,2016,https://boxd.it/bkFu
2022-02-08,Life of Pi,2012,https://boxd.it/37pC
2022-02-08,Easy A,2010,https://boxd.it/17DK
2022-02-08,The Devil All the Time,2020,https://boxd.it/i2tY
2022-02-08,"I, Tonya",2017,https://boxd.it/dzR0
2022-02-08,Pride & Prejudice,2005,https://boxd.it/24u8
2022-02-08,Hot Rod,2007,https://boxd.it/1X9C
2022-02-08,The Green Knight,2021,https://boxd.it/kuy2
2022-02-08,Tully,2018,https://boxd.it/e4kc
2022-02-08,Ad Astra,2019,https://boxd.it/ePzI
2022-02-08,Source Code,2011,https://boxd.it/fdo
2022-02-08,Police Story,1985,https://boxd.it/1Zhe
2022-02-08,Before Sunrise,1995,https://boxd.it/2bcU
2022-02-08,The Parent Trap,1998,https://boxd.it/1XJq
2022-02-08,Mamma Mia!,2008,https://boxd.it/1Tnq
2022-02-08,The Iron Giant,1999,https://boxd.it/1Wow
2022-02-08,"Love, Simon",2018,https://boxd.it/g02s
2022-02-08,Spirited Away,2001,https://boxd.it/2b4m
2022-02-08,The Big Lebowski,1998,https://boxd.it/2b6C
2022-02-08,Miami Vice,2006,https://boxd.it/2bbW
2022-02-09,All That Heaven Allows,1955,https://boxd.it/UNi
2022-02-09,Sansho the Bailiff,1954,https://boxd.it/1Dkq
2022-02-09,Rio Bravo,1959,https://boxd.it/2aE4
2022-02-09,The Fallout,2021,https://boxd.it/tViI
2022-02-09,RoboCop,1987,https://boxd.it/22Wu
2022-02-10,Eighth Grade,2018,https://boxd.it/hDMG
2022-02-13,Kimi,2022,https://boxd.it/u7LW
2022-02-13,Total Recall,1990,https://boxd.it/29qK
2022-02-13,Skyfall,2012,https://boxd.it/17Fc
2022-02-13,Casino Royale,2006,https://boxd.it/1alk
2022-02-13,Basic Instinct,1992,https://boxd.it/2asM
2022-02-13,Come and See,1985,https://boxd.it/1w9q
2022-02-13,Neon Genesis Evangelion,1995,https://boxd.it/ptEI
2022-02-13,Possession,1981,https://boxd.it/1BPm
2022-02-13,Watchmen,2009,https://boxd.it/1QE4
2022-02-13,Out of Sight,1998,https://boxd.it/28R6
2022-02-13,Magic Mike,2012,https://boxd.it/2HvY
2022-02-13,Logan Lucky,2017,https://boxd.it/dZrs
2022-03-02,The Lighthouse,2019,https://boxd.it/icFU
2022-03-03,Portrait of a Lady on Fire,2019,https://boxd.it/jkPq
2022-03-03,La Flor,2018,https://boxd.it/eZCs
2022-03-03,Incendies,2010,https://boxd.it/Msm
2022-03-03,Mommy,2014,https://boxd.it/7Uau
2022-03-03,The Hunt,2012,https://boxd.it/3wEC
2022-03-19,Inside Out,2015,https://boxd.it/4KHC
2022-03-19,Trainspotting,1996,https://boxd.it/29XY
2022-03-20,Enemy,2013,https://boxd.it/5xtO
2022-03-25,Interesting Ball,2014,https://boxd.it/9BCS
2022-03-28,Palo Alto,2013,https://boxd.it/5Nzy
2022-04-07,RRR,2022,https://boxd.it/ljDs
2022-04-07,Harakiri,1962,https://boxd.it/1NTU
2022-04-07,The Human Condition I: No Greater Love,1959,https://boxd.it/1jAy
2022-04-07,GoodFellas,1990,https://boxd.it/29FA
2022-04-07,Neon Genesis Evangelion: The End of Evangelion,1997,https://boxd.it/1GRM
2022-04-07,The Passion of Joan of Arc,1928,https://boxd.it/29DO
2022-04-07,In the Mood for Love,2000,https://boxd.it/29tE
2022-04-07,A Brighter Summer Day,1991,https://boxd.it/1Luy
2022-04-07,Seven Samurai,1954,https://boxd.it/2axi
2022-04-08,Scott Pilgrim vs. the World,2010,https://boxd.it/1Aq6
2022-04-08,Sound of Metal,2019,https://boxd.it/i7Q4
2022-04-08,Enchanted,2007,https://boxd.it/24co
2022-04-08,Arrival,2016,https://boxd.it/aNGk
2022-04-11,The Assassination of Jesse James by the Coward Robert Ford,2007,https://boxd.it/24dG
2022-04-26,Turning Red,2022,https://boxd.it/ipkq
2022-04-29,The Northman,2022,https://boxd.it/nK2s
2022-04-29,The Machinist,2004,https://boxd.it/248c
2022-04-29,Midsommar,2019,https://boxd.it/jhxe
2022-04-29,The Big Short,2015,https://boxd.it/ajZw
2022-05-04,Killing Them Softly,2012,https://boxd.it/IQ
2022-05-07,Dunkirk,2017,https://boxd.it/d0Y6
2022-05-07,Batman: Year One,2011,https://boxd.it/2vf0
2022-05-07,To Live and Die in L.A.,1985,https://boxd.it/1XFo
2022-05-13,The Campaign,2012,https://boxd.it/2Hz2
2022-05-15,A Bronx Tale,1993,https://boxd.it/28uQ
2022-05-16,Akira,1988,https://boxd.it/2b1i
2022-05-16,Crash,1996,https://boxd.it/29n2
2022-05-16,Metropolis,1927,https://boxd.it/71a
2022-05-16,Metropolis,2001,https://boxd.it/1YfQ
2022-05-16,Zodiac,2007,https://boxd.it/27MO
2022-05-23,Hereditary,2018,https://boxd.it/hNVe
2022-05-23,Pig,2021,https://boxd.it/nzoW
2022-05-25,Les Misérables,2012,https://boxd.it/2TT4
2022-05-28,Birdman or (The Unexpected Virtue of Ignorance),2014,https://boxd.it/5RFA
2022-05-29,Bridge to Terabithia,2007,https://boxd.it/28YG
2022-05-29,Legend,2015,https://boxd.it/8qZY
2022-05-31,The Polar Express,2004,https://boxd.it/23am
2022-05-31,Death Becomes Her,1992,https://boxd.it/1YQi
2022-06-01,Deck the Halls,2006,https://boxd.it/1Xpg
2022-06-02,Closer,2004,https://boxd.it/270K
2022-06-02,Before Sunset,2004,https://boxd.it/2bcg
2022-06-02,Back to the Future,1985,https://boxd.it/2b8e
2022-06-02,The Empire Strikes Back,1980,https://boxd.it/27Vw
2022-06-05,Loving Vincent,2017,https://boxd.it/biIQ
2022-06-05,The Place Beyond the Pines,2012,https://boxd.it/3mDu
2022-06-06,The Emperor's New Groove,2000,https://boxd.it/1Tey
2022-06-06,I'm Your Man,2021,https://boxd.it/tWcG
2022-06-12,Hustle,2022,https://boxd.it/qpig
2022-06-13,Force Majeure,2014,https://boxd.it/7UcA
2022-06-17,Okja,2017,https://boxd.it/dvXe
2022-06-18,Top Gun: Maverick,2022,https://boxd.it/cjr4
2022-06-21,Call Me by Your Name,2017,https://boxd.it/dYmm
2022-06-21,The Face of Another,1966,https://boxd.it/1nso
2022-06-23,Demolition,2015,https://boxd.it/9GuY
2022-06-23,Judas and the Black Messiah,2021,https://boxd.it/lsew
2022-06-25,She's Out of My League,2010,https://boxd.it/1eww
2022-07-04,Lord of the Flies,1963,https://boxd.it/1Xqy
2022-07-07,Amsterdam,2022,https://boxd.it/oJ58
2022-07-08,Rain Man,1988,https://boxd.it/2avw
2022-07-09,Minions: The Rise of Gru,2022,https://boxd.it/fz9w
2022-07-09,Girl Picture,2022,https://boxd.it/pvrG
2022-07-09,Kadaisi Vivasayi,2021,https://boxd.it/mGrm
2022-07-09,The Quiet Girl,2022,https://boxd.it/yvgm
2022-07-11,The Sound of Music,1965,https://boxd.it/1MLK
2022-07-11,Good Will Hunting,1997,https://boxd.it/2ahY
2022-07-11,Nosferatu,1922,https://boxd.it/29TM
2022-07-12,Seven Psychopaths,2012,https://boxd.it/34PW
2022-07-12,Death Proof,2007,https://boxd.it/27GG
2022-07-15,Not Okay,2022,https://boxd.it/vCEY
2022-07-17,Raiders of the Lost Ark,1981,https://boxd.it/2bbs
2022-07-18,Mard,1985,https://boxd.it/6Ca0
2022-07-18,My Cousin Vinny,1992,https://boxd.it/1WpO
2022-07-21,Buffy the Vampire Slayer,1992,https://boxd.it/1WP8
2022-07-21,Kite,1998,https://boxd.it/1G8M
2022-07-21,Mezzo Forte,2000,https://boxd.it/qLG
2022-07-22,Happy-Go-Lucky,2008,https://boxd.it/1W68
2022-07-24,The Luck of the Irish,2001,https://boxd.it/Obs
2022-07-26,Nope,2022,https://boxd.it/sDCe
2022-07-26,Joe Pera Talks You to Sleep,2016,https://boxd.it/et36
2022-07-26,Cure,1997,https://boxd.it/1blA
2022-07-26,Pulse,2001,https://boxd.it/1s3y
2022-07-27,The Butterfly Effect,2004,https://boxd.it/27M0
2022-07-27,There Will Be Blood,2007,https://boxd.it/20Z2
2022-07-29,Pretty in Pink,1986,https://boxd.it/1TEw
2022-07-29,Get Out,2017,https://boxd.it/eOCm
2022-07-29,Us,2019,https://boxd.it/gnV6
2022-08-01,Eat Pray Love,2010,https://boxd.it/16Cc
2022-08-02,Gia,1998,https://boxd.it/1NUo
2022-08-08,The Count of Monte Cristo,2002,https://boxd.it/1U24
2022-08-08,Carter,2022,https://boxd.it/u7UO
2022-08-10,Killing Zoe,1993,https://boxd.it/2af4
2022-08-10,Magnolia,1999,https://boxd.it/2aze
2022-08-13,It's a Wonderful Life,1946,https://boxd.it/28xA
2022-08-14,The Postman Always Rings Twice,1981,https://boxd.it/1UP6
2022-08-14,Prey,2022,https://boxd.it/sNBU
2022-08-16,American Sniper,2014,https://boxd.it/5LDy
2022-08-16,The Theory of Everything,2014,https://boxd.it/7YtA
2022-08-19,Robin Robin,2021,https://boxd.it/o9OQ
2022-08-21,Titanic,1997,https://boxd.it/2a2k
2022-08-21,42,2013,https://boxd.it/3GBo
2022-08-21,Spoiler Alert,2022,https://boxd.it/imKU
2022-08-21,"O Brother, Where Art Thou?",2000,https://boxd.it/2b3I
2022-08-24,Lucky Number Slevin,2006,https://boxd.it/2aVu
2022-08-27,The Boondock Saints,1999,https://boxd.it/20gw
2022-08-27,Tron,1982,https://boxd.it/2b9w
2022-08-27,Girlfriend's Day,2017,https://boxd.it/bCFs
2022-08-27,Raging Bull,1980,https://boxd.it/28yI
2022-08-27,Romeo + Juliet,1996,https://boxd.it/2ama
2022-08-27,Memories of Murder,2003,https://boxd.it/1TSo
2022-08-28,Argo,2012,https://boxd.it/2czU
2022-08-28,Fresh,2022,https://boxd.it/tCNi
2022-08-28,Love & Other Drugs,2010,https://boxd.it/UIi
2022-08-28,War Dogs,2016,https://boxd.it/9SlO
2022-08-29,Phantom Thread,2017,https://boxd.it/e4uc
2022-08-29,Once Upon a Time in the West,1968,https://boxd.it/2az4
2022-08-29,Once Upon a Time in America,1984,https://boxd.it/2aCs
2022-09-02,Something in the Dirt,2022,https://boxd.it/vOvE
2022-09-06,The Whale,2022,https://boxd.it/tw4c
2022-09-06,Bones and All,2022,https://boxd.it/tLd4
2022-09-06,Three Thousand Years of Longing,2022,https://boxd.it/kmoy
2022-09-10,Before the Devil Knows You're Dead,2007,https://boxd.it/20Jy
2022-09-10,Suspiria,1977,https://boxd.it/1SNW
2022-09-10,Star Trek Into Darkness,2013,https://boxd.it/uYE
2022-09-11,Cast Away,2000,https://boxd.it/20i8
2022-09-11,Shane,1953,https://boxd.it/25Ig
2022-09-11,Tropic Thunder,2008,https://boxd.it/20WM
2022-09-12,Into the Wild,2007,https://boxd.it/22m2
2022-09-13,The Taking of Pelham One Two Three,1974,https://boxd.it/20lG
2022-09-13,Barbarian,2022,https://boxd.it/yohi
2022-09-13,Malignant,2021,https://boxd.it/mViE
2022-09-13,Saving Private Ryan,1998,https://boxd.it/29ro
2022-09-13,Ordinary People,2016,https://boxd.it/ei3Y
2022-09-13,Marriage Story,2019,https://boxd.it/hJAw
2022-09-14,Breathless,1960,https://boxd.it/2aIK
2022-09-14,Thelma & Louise,1991,https://boxd.it/28Ew
2022-09-17,The Silence of the Lambs,1991,https://boxd.it/2aHW
2022-09-19,Frances Ha,2012,https://boxd.it/41Xg
2022-09-19,Do Revenge,2022,https://boxd.it/sFiA
2022-09-19,Waiting for the Barbarians,2019,https://boxd.it/igTw
2022-09-20,Redline,2009,https://boxd.it/2pQ0
2022-09-20,Free State of Jones,2016,https://boxd.it/acEm
2022-09-20,Between the World and Me,2020,https://boxd.it/rj32
2022-09-23,A Most Violent Year,2014,https://boxd.it/75Va
2022-09-23,Waves,2019,https://boxd.it/jpmy
2022-09-23,A Sun,2019,https://boxd.it/n3uo
2022-09-23,Look Both Ways,2022,https://boxd.it/ujzI
2022-09-24,The Pianist,2002,https://boxd.it/2aqc
2022-09-25,Avatar,2009,https://boxd.it/1Efm
2022-09-27,Stalker,1979,https://boxd.it/28PO
2022-09-27,The Hateful Eight,2015,https://boxd.it/8gw8
2022-09-27,Some Like It Hot,1959,https://boxd.it/2aNA
2022-09-27,Blonde,2022,https://boxd.it/9AG0
2022-09-27,Don't Worry Darling,2022,https://boxd.it/mViu
2022-09-29,CODA,2021,https://boxd.it/tbf4
2022-09-30,Silence,2016,https://boxd.it/2cAo
2022-09-30,King of Comedy,1999,https://boxd.it/xco
2022-09-30,The King of Comedy,1982,https://boxd.it/2aJS
2022-10-02,Revue Starlight: The Movie,2021,https://boxd.it/nYyC
2022-10-03,Falling Down,1993,https://boxd.it/194M
2022-10-04,Fallen Angels,1995,https://boxd.it/1UkW
2022-10-04,Happy Together,1997,https://boxd.it/1Ha0
2022-10-04,2046,2004,https://boxd.it/29tu
2022-10-04,Ip Man,2008,https://boxd.it/1NrQ
2022-10-04,Polytechnique,2009,https://boxd.it/1AMG
2022-10-08,A Man and a Woman,1966,https://boxd.it/Wb6
2022-10-08,A Man and a Woman,2016,https://boxd.it/dnTy
2022-10-08,Ace Ventura: Pet Detective,1994,https://boxd.it/25RW
2022-10-09,Cloud Atlas,2012,https://boxd.it/2W60
2022-10-09,Soylent Green,1973,https://boxd.it/1SxE
2022-10-09,Jerry Maguire,1996,https://boxd.it/1YNS
2022-10-09,Straight Up,2019,https://boxd.it/mhGQ
2022-10-09,El Topo,1970,https://boxd.it/1QYS
2022-10-09,You Were Never Really Here,2017,https://boxd.it/dWOS
2022-10-10,My Friend Dahmer,2017,https://boxd.it/fQ7W
2022-10-10,DAHMER - Monster: The Jeffrey Dahmer Story,2022,https://boxd.it/CRG0
2022-10-10,Love Actually,2003,https://boxd.it/2aeU
2022-10-10,The Mist,2007,https://boxd.it/22r2
2022-10-13,Midnight in Paris,2011,https://boxd.it/i4a
2022-10-13,Y Tu Mamá También,2001,https://boxd.it/28QM
2022-10-13,Captain Fantastic,2016,https://boxd.it/b2K2
2022-10-13,The Darjeeling Limited,2007,https://boxd.it/24as
2022-10-13,Werewolf by Night,2022,https://boxd.it/xMrO
2022-10-13,Dazed and Confused,1993,https://boxd.it/1Ylk
2022-10-13,Atonement,2007,https://boxd.it/24ui
2022-10-15,No Country for Old Men,2007,https://boxd.it/21ew
2022-10-15,León,2013,https://boxd.it/emFi
2022-10-16,The Fault in Our Stars,2014,https://boxd.it/6BQa
2022-10-18,Mulholland Drive,2001,https://boxd.it/297o
2022-10-18,"Girl, Interrupted",1999,https://boxd.it/25ds
2022-10-25,The Munsters,2022,https://boxd.it/uhC6
2022-10-25,TÁR,2022,https://boxd.it/uNIA
2022-10-25,Motherless Brooklyn,2019,https://boxd.it/ieJk
2022-10-28,Gone with the Wind,1939,https://boxd.it/29Fq
2022-10-30,World War Z,2013,https://boxd.it/2p2E
2022-10-30,Coraline,2009,https://boxd.it/1NhQ
2022-10-30,Pearl,2022,https://boxd.it/zPbe
2022-10-30,X,2022,https://boxd.it/sxVa
2022-10-30,The Happy Film,2016,https://boxd.it/dD9w
2022-10-30,At Eternity's Gate,2018,https://boxd.it/hI40
2022-10-31,Promising Young Woman,2020,https://boxd.it/loRE
2022-11-05,Vanilla Sky,2001,https://boxd.it/27TK
2022-11-05,Aftersun,2022,https://boxd.it/Arw0
2022-11-05,Apocalypse Now,1979,https://boxd.it/6ZS
2022-11-05,Sexy Beast,2000,https://boxd.it/1SZS
2022-11-07,Beautiful Boy,2018,https://boxd.it/g76Q
2022-11-07,Devil in a Blue Dress,1995,https://boxd.it/204A
2022-11-08,The Unforgivable,2021,https://boxd.it/nZ4e
2022-11-08,Locke,2013,https://boxd.it/6hHC
2022-11-08,Primer,2004,https://boxd.it/6YA
2022-11-08,Lamb,2021,https://boxd.it/tFwE
2022-11-08,Selena Gomez: My Mind & Me,2022,https://boxd.it/CDxS
2022-11-09,The Boy in the Striped Pyjamas,2008,https://boxd.it/1NOK
2022-11-09,Inside the Mind of a Cat,2022,https://boxd.it/BV14
2022-11-09,The Martian,2015,https://boxd.it/8SeG
2022-11-11,The Breakfast Club,1985,https://boxd.it/27q4
2022-11-11,Plan B,2021,https://boxd.it/rUMy
2022-11-11,V for Vendetta,2005,https://boxd.it/29Ik
2022-11-11,Weird: The Al Yankovic Story,2022,https://boxd.it/yYZA
2022-11-12,Detachment,2011,https://boxd.it/2BiY
2022-11-13,The Girl with the Dragon Tattoo,2011,https://boxd.it/2Pa
2022-11-14,Brothers,2009,https://boxd.it/20WW
2022-11-14,Lost in Translation,2003,https://boxd.it/2b0E
2022-11-15,"Comrades, Almost a Love Story",1996,https://boxd.it/18QU
2022-11-19,I'm Thinking of Ending Things,2020,https://boxd.it/i4IQ
2022-11-21,The Departed,2006,https://boxd.it/28MA
2022-11-21,The Man from Earth,2007,https://boxd.it/1Ql2
2022-11-24,Death at a Funeral,2007,https://boxd.it/27dO
2022-11-24,School of Rock,2003,https://boxd.it/28xK
2022-11-26,Suzaku,1997,https://boxd.it/19yC
2022-11-30,Manchester by the Sea,2016,https://boxd.it/b2L0
2022-11-30,Shame,2011,https://boxd.it/2CxU
2022-12-01,Equilibrium,2002,https://boxd.it/211s
2022-12-05,"Dude, Where's My Car?",2000,https://boxd.it/1ZJi
2022-12-09,Only God Forgives,2013,https://boxd.it/2HBs
2022-12-09,Blue Valentine,2010,https://boxd.it/MxG
2022-12-10,Passenger 57,1992,https://boxd.it/1W0Y
2022-12-10,The Usual Suspects,1995,https://boxd.it/29XE
2022-12-12,Be with You,2018,https://boxd.it/i0gS
2022-12-14,Avatar: The Way of Water,2022,https://boxd.it/2E2E
2022-12-16,Children of Men,2006,https://boxd.it/1Y2i
2022-12-22,Downsizing,2017,https://boxd.it/9Ajq
2022-12-23,Mercury Rising,1998,https://boxd.it/1ZMG
2022-12-25,"Jeanne Dielman, 23, quai du Commerce, 1080 Bruxelles",1975,https://boxd.it/T18
2022-12-26,Sand Castle,2017,https://boxd.it/dCo6
2022-12-28,"BARDO, False Chronicle of a Handful of Truths",2022,https://boxd.it/pAgy
2022-12-28,The Banshees of Inisherin,2022,https://boxd.it/p7XS
2022-12-28,The Pale Blue Eye,2022,https://boxd.it/u8tk
2022-12-28,The Fighter,2010,https://boxd.it/PP4
2022-12-30,First Blood,1982,https://boxd.it/28U0
2023-01-07,Casablanca,1942,https://boxd.it/2aG0
2023-01-08,EO,2022,https://boxd.it/txhc
2023-01-08,Hollywoodland,2006,https://boxd.it/290W
2023-01-08,M3GAN,2022,https://boxd.it/jxmG
2023-01-10,The Tourist,2010,https://boxd.it/17Hs
2023-01-11,Beau Is Afraid,2023,https://boxd.it/u2gE
2023-01-12,The Menu,2022,https://boxd.it/lScm
2023-01-15,The Master,2012,https://boxd.it/2cBG
2023-01-15,Punch-Drunk Love,2002,https://boxd.it/20E4
2023-01-15,For the Hungry Boy,2018,https://boxd.it/xLEC
2023-01-16,Hall Pass,2011,https://boxd.it/H8G
2023-01-16,"Hail, Caesar!",2016,https://boxd.it/881G
2023-01-16,A Serious Man,2009,https://boxd.it/1RFW
2023-01-16,The Witch,2015,https://boxd.it/9X0m
2023-01-16,Vicky Cristina Barcelona,2008,https://boxd.it/23rW
2023-01-20,Justice League: Throne of Atlantis,2015,https://boxd.it/9qWs
2023-01-20,Big,1988,https://boxd.it/271S
2023-01-20,The Interview,2014,https://boxd.it/6KQ4
2023-01-21,Booksmart,2019,https://boxd.it/igNS
2023-02-01,Menace II Society,1993,https://boxd.it/1Yuc
2023-02-01,Good Time,2017,https://boxd.it/fcFu
2023-02-06,13 Going on 30,2004,https://boxd.it/1X6e
2023-02-07,The Last Black Man in San Francisco,2019,https://boxd.it/iWAw
2023-02-08,City of God,2002,https://boxd.it/2a2a
2023-02-08,City of God,1997,https://boxd.it/ibri
2023-02-12,The Tree of Life,2011,https://boxd.it/1Zu8
2023-02-20,The Rider,2017,https://boxd.it/gazw
2023-02-21,The Secret Life of Walter Mitty,2013,https://boxd.it/3SWy
2023-02-21,Paprika,2006,https://boxd.it/23wW
2023-02-22,T2 Trainspotting,2017,https://boxd.it/5vTA
2023-02-22,Desert Hearts,1985,https://boxd.it/2aFc
2023-02-22,Knock at the Cabin,2023,https://boxd.it/npL2
2023-02-23,The VelociPastor,2017,https://boxd.it/glzW
2023-02-26,A Guide to Recognizing Your Saints,2006,https://boxd.it/20wk
2023-02-26,Stuck in Love,2012,https://boxd.it/3L08
2023-02-27,The American Friend,1977,https://boxd.it/1UkC
2023-03-02,Mary and Max,2009,https://boxd.it/1y2m
2023-03-03,Bruiser,2022,https://boxd.it/ClRq
2023-03-06,There's Something About Mary,1998,https://boxd.it/2aae
2023-03-06,Triangle of Sadness,2022,https://boxd.it/hXlq
2023-03-06,Steve Jobs,2015,https://boxd.it/araG
2023-03-06,Belly,1998,https://boxd.it/1R5Y
2023-03-08,The Untouchables,1987,https://boxd.it/2b6i
2023-03-10,Gangster Squad,2013,https://boxd.it/2TVa
2023-03-10,Homicide Squad,1931,https://boxd.it/3y8I
2023-03-10,The Wedding Planner,2001,https://boxd.it/27Cu
2023-03-10,Magic Mike XXL,2015,https://boxd.it/7TTS
2023-03-10,The Reader,2008,https://boxd.it/20Dq
2023-03-10,The Blind Side,2009,https://boxd.it/1zWg
2023-03-10,House,1977,https://boxd.it/1vsm
2023-03-10,Crimes of the Future,2022,https://boxd.it/uTuY
2023-03-10,The Addams Family,1991,https://boxd.it/267g
2023-03-10,Fargo,1996,https://boxd.it/2aHM
2023-03-10,A Matter of Life and Death,1946,https://boxd.it/1q6K
2023-03-14,Scream VI,2023,https://boxd.it/zdfW
2023-03-14,Zoo,2007,https://boxd.it/1G5I
2023-03-14,Citizen Kane,1941,https://boxd.it/71O
2023-03-15,Marcel the Shell with Shoes On,2021,https://boxd.it/wMAk
2023-03-15,Joyland,2022,https://boxd.it/AlzM
2023-03-15,Ice Merchants,2022,https://boxd.it/Arx8
2023-03-18,The Piano Teacher,2001,https://boxd.it/2886
2023-03-19,The Ballad of Buster Scruggs,2018,https://boxd.it/jB2q
2023-03-19,La Haine,1995,https://boxd.it/2as8
2023-03-19,Saint Maud,2019,https://boxd.it/l8QA
2023-03-21,How to Lose a Guy in 10 Days,2003,https://boxd.it/1XwG
2023-03-21,John Wick: Chapter 4,2023,https://boxd.it/mh48
2023-03-22,Gladiator,2000,https://boxd.it/2b9m
2023-03-24,All Quiet on the Western Front,2022,https://boxd.it/H08
2023-03-26,My Left Foot: The Story of Christy Brown,1989,https://boxd.it/1WW4
2023-03-26,Lincoln,2012,https://boxd.it/2n2s
2023-03-26,Air,2023,https://boxd.it/Arlc
2023-03-29,Simple Simon,2010,https://boxd.it/sus
2023-04-03,Amour,2012,https://boxd.it/34Q6
2023-04-03,Renfield,2023,https://boxd.it/o8vy
2023-04-03,Rye Lane,2023,https://boxd.it/DIyy
2023-04-14,After Earth,2013,https://boxd.it/2TSg
2023-04-17,The Congress,2013,https://boxd.it/4Ota
2023-04-17,Ghost in the Shell,1995,https://boxd.it/1YYc
2023-04-17,Logistics,2011,https://boxd.it/eSQC
2023-04-17,Project X,2012,https://boxd.it/neO
2023-04-19,Glengarry Glen Ross,1992,https://boxd.it/1Yw8
2023-04-19,Life,1999,https://boxd.it/21zE
2023-04-22,BEEF,2023,https://boxd.it/FPsm
2023-04-23,The Last Samurai,2003,https://boxd.it/29ZA
2023-04-30,Vagabond,1985,https://boxd.it/T0u
2023-04-30,National Theatre Live: Fleabag,2019,https://boxd.it/mXOW
2023-05-01,Lady Bird,2017,https://boxd.it/dGNE
2023-05-15,No Man's Land,1987,https://boxd.it/1dWy
2023-05-18,Mirror,1975,https://boxd.it/28Q8
2023-05-25,The Raid,2011,https://boxd.it/3hBy
2023-05-28,On the Count of Three,2021,https://boxd.it/tbfI
2023-05-29,Cinema Paradiso,1988,https://boxd.it/1UlA
2023-05-29,Black Bear,2020,https://boxd.it/n8ru
2023-06-02,Candy,2006,https://boxd.it/24l6
2023-06-06,The Delinquent Season,2018,https://boxd.it/gLiC
2023-06-25,Schindler's List,1993,https://boxd.it/2aq2
2023-06-26,When Harry Met Sally...,1989,https://boxd.it/29W2
2023-07-01,Almost Friends,2016,https://boxd.it/fuPi
2023-07-02,Under the Silver Lake,2018,https://boxd.it/dSAs
2023-07-04,White Chicks,2004,https://boxd.it/1SpK
2023-07-05,A Fistful of Dollars,1964,https://boxd.it/2auo
2023-07-05,The Birdcage,1996,https://boxd.it/1UTi
2023-07-11,mid90s,2018,https://boxd.it/fxIa
2023-07-13,This Is England,2006,https://boxd.it/1T44
2023-07-15,Softie,2021,https://boxd.it/oCIs
2023-07-17,Lawrence of Arabia,1962,https://boxd.it/2wRE
2023-07-17,Cha Cha Real Smooth,2022,https://boxd.it/uF8E
2023-07-20,Oppenheimer,2023,https://boxd.it/wUow
2023-07-26,They Cloned Tyrone,2023,https://boxd.it/rE7a
2023-07-26,Maurice,1987,https://boxd.it/1tZy
2023-07-26,Two Distant Strangers,2020,https://boxd.it/tBu0
2023-07-31,Threads,1984,https://boxd.it/1I0g
2023-07-31,A Serbian Film,2010,https://boxd.it/2wBc
2023-08-03,In the Tall Grass,2019,https://boxd.it/iZpm
2023-08-03,The Daytrippers,1996,https://boxd.it/F9i
2023-08-03,Monkey Bars,2021,https://boxd.it/ujWW
2023-08-06,The Magnificent Seven,2016,https://boxd.it/aZAy
2023-08-15,Whiskey Tango Foxtrot,2016,https://boxd.it/8ynI
2023-08-18,The Blair Witch Project,1999,https://boxd.it/26ua
2023-08-29,Sorry to Bother You,2018,https://boxd.it/f21E
2023-08-31,We Need to Talk About Kevin,2011,https://boxd.it/2pTS
2023-09-12,When Nietzsche Wept,2007,https://boxd.it/1FQe
2023-09-12,Twice Born,2012,https://boxd.it/41rO
2023-09-19,Jarhead,2005,https://boxd.it/70m
2023-09-20,Minority Report,2002,https://boxd.it/2aWi
2023-09-26,10 Things I Hate About You,1999,https://boxd.it/23AO
2023-10-28,The Devil Wears Prada,2006,https://boxd.it/2awE
2023-11-26,Jojo Rabbit,2019,https://boxd.it/iEBG
2023-12-25,Poor Things,2023,https://boxd.it/tNWU
2024-01-05,Hot Fuzz,2007,https://boxd.it/2416
2024-01-05,The Greatest Beer Run Ever,2022,https://boxd.it/m2tC
2024-01-08,Past Lives,2023,https://boxd.it/oNB8
2024-01-09,Anatomy of a Fall,2023,https://boxd.it/yuDE
2024-01-18,Spaceman,2024,https://boxd.it/nC20
2024-01-21,Shaun of the Dead,2004,https://boxd.it/29J8
2024-02-04,The Nut Job,2014,https://boxd.it/6IWa
2024-02-19,mother!,2017,https://boxd.it/dgRU
2024-03-05,The Graduate,1967,https://boxd.it/18Im
2024-03-22,Moneyball,2011,https://boxd.it/glS
2024-03-27,The Beach Bum,2019,https://boxd.it/fH4O
2024-03-27,Dallas Buyers Club,2013,https://boxd.it/4O8G
2024-04-09,Kingdom of Heaven,2005,https://boxd.it/28Gs
2024-04-21,The Sixth Sense,1999,https://boxd.it/29Js
2024-05-22,Ikiru,1952,https://boxd.it/251c
2024-07-13,In Bruges,2008,https://boxd.it/20n8
2024-09-11,Charlotte's Web,1973,https://boxd.it/1MFW
2025-02-06,Perfect Days,2023,https://boxd.it/ATh8
2025-02-21,Companion,2025,https://boxd.it/F04o
2025-02-24,Oldboy,2003,https://boxd.it/29R2
2025-03-04,I'm Still Here,2024,https://boxd.it/BPEO
2025-03-10,Vampire Hunter D: Bloodlust,2000,https://boxd.it/1L3i
2025-03-10,Anora,2024,https://boxd.it/Egcw
2025-03-10,Flow,2024,https://boxd.it/v1Ei
2025-04-03,Public Enemies,2009,https://boxd.it/1U8m
2025-04-03,The Bikeriders,2023,https://boxd.it/C6Ym
2025-04-13,Guess Who's Coming to Dinner,1967,https://boxd.it/27Xi
2025-04-13,Meet the Robinsons,2007,https://boxd.it/28Ym
2025-04-13,Network,1976,https://boxd.it/1VqG
2025-04-29,The Elephant Man,1980,https://boxd.it/27LQ
2025-05-04,The Battle of Algiers,1966,https://boxd.it/1IRY
2025-05-04,Bicycle Thieves,1948,https://boxd.it/23hW
2025-05-07,PlayTime,1967,https://boxd.it/1WLK
2025-05-08,The 40 Year Old Virgin,2005,https://boxd.it/21hK
2025-05-16,The Wild Bunch,1969,https://boxd.it/2a5y
2025-05-20,A Soldier's Story,1984,https://boxd.it/1tIs
2025-05-28,Rat Film,2016,https://boxd.it/epeY
2025-06-12,Eraserhead,1977,https://boxd.it/299u
2025-06-12,Blue Velvet,1986,https://boxd.it/29BI
2025-06-14,Materialists,2025,https://boxd.it/GZlW
2025-06-15,Babygirl,2024,https://boxd.it/Fvai
2025-06-24,50 First Dates,2004,https://boxd.it/285c
2025-07-02,F1,2025,https://boxd.it/yjVM
2025-07-09,Space Station No.9,2005,https://boxd.it/fHL4
2025-07-17,The Seventh Seal,1957,https://boxd.it/2ahO
2025-07-17,Wild Strawberries,1957,https://boxd.it/29ZU
2025-07-17,Persona,1966,https://boxd.it/29B4
2025-07-23,Dekalog,1989,https://boxd.it/bv4u
2025-07-25,You Will Die at Twenty,2019,https://boxd.it/mQsa
2025-08-04,Warfare,2025,https://boxd.it/LbRo
2025-08-04,The Naked Gun,2025,https://boxd.it/Da9k
2025-08-27,Requiem for a Dream,2000,https://boxd.it/29VI
2025-08-30,Into the Abyss,2011,https://boxd.it/2G0g
2025-09-19,Small Things Like These,2024,https://boxd.it/FHIm
2025-09-21,My Father's Shadow,2025,https://boxd.it/T1a6
2025-10-06,Coonskin,1975,https://boxd.it/1r8s
2025-10-06,Heavy Traffic,1973,https://boxd.it/1l08
2025-10-12,Himizu,2011,https://boxd.it/3oFs
2025-10-14,Le Samouraï,1967,https://boxd.it/22ZI
2025-10-23,Faces,1968,https://boxd.it/29Ia
2025-10-23,Roofman,2025,https://boxd.it/LcIW
2025-10-23,Shin Kamen Rider,2023,https://boxd.it/uDlw
2025-10-24,Revenge,2017,https://boxd.it/gL9g
2025-10-24,The Long Walk,2025,https://boxd.it/mic8
2025-11-18,Bugonia,2025,https://boxd.it/qeWY
2025-11-18,Marty Supreme,2025,https://boxd.it/Off0
